{"val_concept_loss":0.7239736914634705,"_runtime":484.862756077,"val_rec_loss":0.02420264668762684,"val_Total_loss":0.02805565856397152,"trainer/global_step":5799,"val_orth_loss":0.0009364170837216079,"train_Total_loss":0.023842385038733482,"val_KL_loss":4.585803031921387,"_wandb":{"runtime":580},"train_concept_loss":0.004668305162340403,"_step":779,"train_orth_loss":0.0012322966940701008,"train_KL_loss":4.587596416473389,"_timestamp":1.7359459278675532e+09,"epoch":199,"train_rec_loss":0.023526709526777267}
